id,japanese,reading,english,type,category,importance,example_jp,example_en
1,"私","わたし","I, myself",noun,"People & Family",0,"あの人は私です。","That person is the I."
2,"余り","あまり","not very; surplus",adverb,"Greetings & Expressions",100,"これは余りです。","This is the not very."
3,"いいえ","いいえ","no, not at all",noun,"Greetings & Expressions",100,"これはいいえです。","This is the no."
4,"ええ","ええ",yes,noun,"Greetings & Expressions",100,"これはええです。","This is the yes."
5,"大勢","おおぜい","great number of people",expression,"Greetings & Expressions",100,"これは大勢です。","This is the great number of people."
6,"お～","お～","honorable ~ (honorific)",noun,"Greetings & Expressions",100,"これはお～です。","This is the honorable ~ (honorific)."
7,"方","かた","-- honorific form for 人 (ひと) --; way of doing",noun,"Greetings & Expressions",100,"これは方です。","This is the -- honorific form for 人 (ひと) --."
8,"結構","けっこう","splendid; enough, tolerably",noun,"Greetings & Expressions",100,"これは結構です。","This is the splendid."
9,"こんにちは","こんにちは","Good afternoon",noun,"Greetings & Expressions",100,"これはこんにちはです。","This is the Good afternoon."
10,"午後","ごご","afternoon, P.M.",noun,"Greetings & Expressions",100,"これは午後です。","This is the afternoon."
11,"すみません","すみません","Excuse me; Im sorry",noun,"Greetings & Expressions",100,"これはすみませんです。","This is the Excuse me."
12,"どうぞ","どうぞ","please, kindly, by all means",noun,"Greetings & Expressions",100,"これはどうぞです。","This is the please."
13,"はい","はい",yes,noun,"Greetings & Expressions",100,"これははいです。","This is the yes."
14,"昼","ひる","noon, daytime",noun,"Greetings & Expressions",100,"これは昼です。","This is the noon."
15,"もしもし","もしもし","Hello? (used on the phone)",noun,"Greetings & Expressions",100,"これはもしもしです。","This is the Hello? (used on the phone)."
16,"ノート","ノート",notebook,noun,"Greetings & Expressions",100,"これはノートです。","This is the notebook."
17,"～円","～えん",Yen,expression,"Greetings & Expressions",100,"これは～円です。","This is the Yen."
18,"～か月","～かげつ","(number of) months",expression,"Greetings & Expressions",100,"これは～か月です。","This is the (number of) months."
19,"～がる","～がる",feel,expression,"Greetings & Expressions",100,"これは～がるです。","This is the feel."
20,"～側","～がわ","~ side",expression,"Greetings & Expressions",100,"これは～側です。","This is the ~ side."
21,"～語","～ご","word, language",expression,"Greetings & Expressions",100,"これは～語です。","This is the word."
22,"～歳","～さい","~ years old",expression,"Greetings & Expressions",100,"これは～歳です。","This is the ~ years old."
23,"～さん","～さん","Mr. ~, Ms. ~",expression,"Greetings & Expressions",100,"これは～さんです。","This is the Mr. ~."
24,"～週間","～しゅうかん","~ weeks",expression,"Greetings & Expressions",100,"これは～週間です。","This is the ~ weeks."
25,"～時間","～じかん","~ hours",expression,"Greetings & Expressions",100,"これは～時間です。","This is the ~ hours."
26,"～中","～じゅう","during, while",expression,"Greetings & Expressions",100,"これは～中です。","This is the during."
27,"～たち","～たち","plural suffix",expression,"Greetings & Expressions",100,"これは～たちです。","This is the plural suffix."
28,"～だけ","～だけ","only ~, just ~, as ~",expression,"Greetings & Expressions",100,"これは～だけです。","This is the only ~."
29,"～など","～など","et cetera",expression,"Greetings & Expressions",100,"これは～などです。","This is the et cetera."
30,"～年","～ねん","~ years",expression,"Greetings & Expressions",100,"これは～年です。","This is the ~ years."
31,"～番","～ばん","~st; ~th best",expression,"Greetings & Expressions",100,"これは～番です。","This is the ~st."
32,"～分","～ふん","~ minutes",expression,"Greetings & Expressions",100,"これは～分です。","This is the ~ minutes."
33,"零","れい","zero, nought",noun,"Numbers & Counters",100,"これは零です。","This is the zero."
34,"一","いち",one,noun,"Numbers & Counters",100,"これは一です。","This is the one."
35,"二","に",two,noun,"Numbers & Counters",100,"これは二です。","This is the two."
36,"三","さん",three,noun,"Numbers & Counters",100,"これは三です。","This is the three."
37,"四","し",four,noun,"Numbers & Counters",100,"これは四です。","This is the four."
38,"五","ご",five,noun,"Numbers & Counters",100,"これは五です。","This is the five."
39,"六","ろく",six,noun,"Numbers & Counters",100,"これは六です。","This is the six."
40,"七","しち",seven,noun,"Numbers & Counters",100,"これは七です。","This is the seven."
41,"八","はち",eight,noun,"Numbers & Counters",100,"これは八です。","This is the eight."
42,"九","きゅう",nine,noun,"Numbers & Counters",100,"これは九です。","This is the nine."
43,"十","じゅう",ten,noun,"Numbers & Counters",100,"これは十です。","This is the ten."
44,"百","ひゃく",hundred,noun,"Numbers & Counters",100,"これは百です。","This is the hundred."
45,"～階","～かい","counter for stories (floors) of a building",expression,"Numbers & Counters",100,"これは～階です。","This is the counter for stories (floors) of a building."
46,"～個","～こ","counter for small items (e.g., fruits, cups)",expression,"Numbers & Counters",100,"これは～個です。","This is the counter for small items (e.g.."
47,"～冊","～さつ","counter for books",expression,"Numbers & Counters",100,"これは～冊です。","This is the counter for books."
48,"～人","～じん","counter for people",expression,"Numbers & Counters",100,"これは～人です。","This is the counter for people."
49,"～台","～だい","counter for vehicles; machines",expression,"Numbers & Counters",100,"これは～台です。","This is the counter for vehicles."
50,"～度","～ど","counter for occurrences; ~ degree; ~ point",expression,"Numbers & Counters",100,"これは～度です。","This is the counter for occurrences."
51,"～杯","～はい","counter for cupfuls",expression,"Numbers & Counters",100,"これは～杯です。","This is the counter for cupfuls."
52,"～匹","～ひき","counter for small animals",expression,"Numbers & Counters",100,"これは～匹です。","This is the counter for small animals."
53,"～本","～ほん","counter for long cylindrical things",expression,"Numbers & Counters",100,"これは～本です。","This is the counter for long cylindrical things."
54,"～枚","～まい","counter for flat things",expression,"Numbers & Counters",100,"これは～枚です。","This is the counter for flat things."
55,"千","せん",thousand,noun,"Numbers & Counters",100,"これは千です。","This is the thousand."
56,"万","まん","ten thousand",noun,"Numbers & Counters",100,"これは万です。","This is the ten thousand."
57,"半","はん","half (e.g., にじはん | half-past two)",noun,"Numbers & Counters",100,"これは半です。","This is the half (e.g.."
58,"～回","～かい","counter for occurrences (~ times)",expression,"Numbers & Counters",100,"これは～回です。","This is the counter for occurrences (~ times)."
59,"朝","あさ",morning,noun,"Time & Dates",100,"朝に会いましょう。","Let's meet morning."
60,"明後日","あさって","day after tomorrow",noun,"Time & Dates",100,"明後日に会いましょう。","Let's meet day after tomorrow."
61,"明日","あした",tomorrow,noun,"Time & Dates",100,"明日に会いましょう。","Let's meet tomorrow."
62,"いただきます","いただきます","Thank you for the meal (before eating)",noun,"Time & Dates",100,"いただきますに会いましょう。","Let's meet Thank you for the meal (before eating)."
63,"一日","いちにち","one day (duration)",noun,"Time & Dates",100,"一日に会いましょう。","Let's meet one day (duration)."
64,"五日","いつか","five days; fifth day of the month",noun,"Time & Dates",100,"五日に会いましょう。","Let's meet five days."
65,"いつも","いつも","always, usually, every time, never (with neg. verb)",adverb,"Time & Dates",100,"いつもに会いましょう。","Let's meet always."
66,"今","いま",now,noun,"Time & Dates",100,"今に会いましょう。","Let's meet now."
67,"一昨日","おととい","the day before yesterday",noun,"Time & Dates",100,"一昨日に会いましょう。","Let's meet the day before yesterday."
68,"おととし","おととし","year before last",noun,"Time & Dates",100,"おととしに会いましょう。","Let's meet year before last."
69,"おはよう","おはよう","Good morning",noun,"Time & Dates",100,"おはように会いましょう。","Let's meet Good morning."
70,"おはようございます","おはようございます","Good morning (polite)",noun,"Time & Dates",100,"おはようございますに会いましょう。","Let's meet Good morning (polite)."
71,"かかる","かかる","it takes (amount of time, money) (v.i.)",noun,"Time & Dates",100,"かかるに会いましょう。","Let's meet it takes (amount of time."
72,"火曜日","かようび",Tuesday,noun,"Time & Dates",100,"火曜日に会いましょう。","Let's meet Tuesday."
73,"昨日","きのう",yesterday,noun,"Time & Dates",100,"昨日に会いましょう。","Let's meet yesterday."
74,"今日","きょう","today, this day",noun,"Time & Dates",100,"今日に会いましょう。","Let's meet today."
75,"去年","きょねん","last year",noun,"Time & Dates",100,"去年に会いましょう。","Let's meet last year."
76,"金曜日","きんようび",Friday,noun,"Time & Dates",100,"金曜日に会いましょう。","Let's meet Friday."
77,"今朝","けさ","this morning",noun,"Time & Dates",100,"今朝に会いましょう。","Let's meet this morning."
78,"月曜日","げつようび",Monday,noun,"Time & Dates",100,"月曜日に会いましょう。","Let's meet Monday."
79,"九日","ここのか","nine days; ninth day of the month",noun,"Time & Dates",100,"九日に会いましょう。","Let's meet nine days."
80,"今年","ことし","this year",noun,"Time & Dates",100,"今年に会いましょう。","Let's meet this year."
81,"今月","こんげつ","this month",noun,"Time & Dates",100,"今月に会いましょう。","Let's meet this month."
82,"今週","こんしゅう","this week",noun,"Time & Dates",100,"今週に会いましょう。","Let's meet this week."
83,"今晩","こんばん","tonight, this evening",noun,"Time & Dates",100,"今晩に会いましょう。","Let's meet tonight."
84,"こんばんは","こんばんは","Good evening",noun,"Time & Dates",100,"こんばんはに会いましょう。","Let's meet Good evening."
85,"午前","ごぜん","morning, A.M.",noun,"Time & Dates",100,"午前に会いましょう。","Let's meet morning."
86,"ごちそうさまでした","ごちそうさまでした","Thank you for the meal (after eating)",noun,"Time & Dates",100,"ごちそうさまでしたに会いましょう。","Let's meet Thank you for the meal (after eating)."
87,"さあ","さあ","come now, well",noun,"Time & Dates",100,"さあに会いましょう。","Let's meet come now."
88,"さ来年","さらいねん","year after next",noun,"Time & Dates",100,"さ来年に会いましょう。","Let's meet year after next."
89,"時間","じかん",time,noun,"Time & Dates",100,"時間に会いましょう。","Let's meet time."
90,"水曜日","すいようび",Wednesday,noun,"Time & Dates",100,"水曜日に会いましょう。","Let's meet Wednesday."
91,"先月","せんげつ","last month",noun,"Time & Dates",100,"先月に会いましょう。","Let's meet last month."
92,"先週","せんしゅう","last week",noun,"Time & Dates",100,"先週に会いましょう。","Let's meet last week."
93,"それから","それから","and then, after that",noun,"Time & Dates",100,"それからに会いましょう。","Let's meet and then."
94,"十日","とおか","ten days; tenth day of the month",noun,"Time & Dates",100,"十日に会いましょう。","Let's meet ten days."
95,"時々","ときどき",sometimes,adverb,"Time & Dates",100,"時々に会いましょう。","Let's meet sometimes."
96,"年","とし","year, age",noun,"Time & Dates",100,"年に会いましょう。","Let's meet year."
97,"土曜日","どようび",Saturday,noun,"Time & Dates",100,"土曜日に会いましょう。","Let's meet Saturday."
98,"七日","なのか","seven days; seventh day (of the month)",noun,"Time & Dates",100,"七日に会いましょう。","Let's meet seven days."
99,"日曜日","にちようび",Sunday,noun,"Time & Dates",100,"日曜日に会いましょう。","Let's meet Sunday."
100,"初めて","はじめて","for the first time",noun,"Time & Dates",100,"初めてに会いましょう。","Let's meet for the first time."
101,"二十日","はつか","twenty days, twentieth (day of the month)",noun,"Time & Dates",100,"二十日に会いましょう。","Let's meet twenty days."
102,"晩","ばん",evening,noun,"Time & Dates",100,"晩に会いましょう。","Let's meet evening."
103,"晩御飯","ばんごはん","dinner, evening meal",noun,"Time & Dates",100,"晩御飯に会いましょう。","Let's meet dinner."
104,"一月","ひとつき","one month",noun,"Time & Dates",100,"一月に会いましょう。","Let's meet one month."
105,"暇","ひま","free time, leisure",noun,"Time & Dates",100,"暇に会いましょう。","Let's meet free time."
106,"二日","ふつか","two days; second day of the month",noun,"Time & Dates",100,"二日に会いましょう。","Let's meet two days."
107,"毎朝","まいあさ","every morning",noun,"Time & Dates",100,"毎朝に会いましょう。","Let's meet every morning."
108,"毎月","まいげつ; まいつき","every month, monthly",noun,"Time & Dates",100,"毎月に会いましょう。","Let's meet every month."
109,"毎週","まいしゅう","every week",noun,"Time & Dates",100,"毎週に会いましょう。","Let's meet every week."
110,"毎日","まいにち","every day",noun,"Time & Dates",100,"毎日に会いましょう。","Let's meet every day."
111,"毎年","まいねん; まいとし","every year, yearly, annually",noun,"Time & Dates",100,"毎年に会いましょう。","Let's meet every year."
112,"毎晩","まいばん","every night",noun,"Time & Dates",100,"毎晩に会いましょう。","Let's meet every night."
113,"前","まえ","before, in front",noun,"Time & Dates",100,"前に会いましょう。","Let's meet before."
114,"三日","みっか","three days, third day of the month",noun,"Time & Dates",100,"三日に会いましょう。","Let's meet three days."
115,"六日","むいか","six days; sixth day of month",noun,"Time & Dates",100,"六日に会いましょう。","Let's meet six days."
116,"木曜日","もくようび",Thursday,noun,"Time & Dates",100,"木曜日に会いましょう。","Let's meet Thursday."
117,"休み","やすみ","holiday; day off; absence",noun,"Time & Dates",100,"休みに会いましょう。","Let's meet holiday."
118,"夕方","ゆうがた","late afternoon (typically just before dinner time), evening",adverb,"Time & Dates",100,"夕方に会いましょう。","Let's meet late afternoon (typically just before dinner time)."
119,"夕飯","ゆうはん","dinner, supper, evening meal",noun,"Time & Dates",100,"夕飯に会いましょう。","Let's meet dinner."
120,"昨夜","ゆうべ","last night",noun,"Time & Dates",100,"昨夜に会いましょう。","Let's meet last night."
121,"八日","ようか","eight days; eighth day of the month",noun,"Time & Dates",100,"八日に会いましょう。","Let's meet eight days."
122,"よく","よく","frequently, often (much); well, skillfully",adverb,"Time & Dates",100,"よくに会いましょう。","Let's meet frequently."
123,"四日","よっか","four days; fourth day of the month",noun,"Time & Dates",100,"四日に会いましょう。","Let's meet four days."
124,"夜","よる","evening, night",noun,"Time & Dates",100,"夜に会いましょう。","Let's meet evening."
125,"来月","らいげつ","next month",noun,"Time & Dates",100,"来月に会いましょう。","Let's meet next month."
126,"来週","らいしゅう","next week",noun,"Time & Dates",100,"来週に会いましょう。","Let's meet next week."
127,"来年","らいねん","next year",noun,"Time & Dates",100,"来年に会いましょう。","Let's meet next year."
128,"～月","～がつ","month of year",expression,"Time & Dates",100,"～月に会いましょう。","Let's meet month of year."
129,"～ころ; ～ごろ","～ころ; ～ごろ","about, toward, approximately (time)",expression,"Time & Dates",100,"～ころ; ～ごろに会いましょう。","Let's meet about."
130,"～時","～じ","~ o'clock (time)",expression,"Time & Dates",100,"～時に会いましょう。","Let's meet ~ oclock (time)."
131,"～ずつ","～ずつ","at a time",expression,"Time & Dates",100,"～ずつに会いましょう。","Let's meet at a time."
132,"～日","～にち","~ day of the month, for ~ days",expression,"Time & Dates",100,"～日に会いましょう。","Let's meet ~ day of the month."
133,"あなた","あなた",you,noun,"People & Family",100,"あの人はあなたです。","That person is the you."
134,"兄","あに","(my) older brother (humble)",noun,"People & Family",100,"あの人は兄です。","That person is the (my) older brother (humble)."
135,"姉","あね","(my) older sister (humble)",noun,"People & Family",100,"あの人は姉です。","That person is the (my) older sister (humble)."
136,"ありがとう","ありがとう","Thank you",noun,"People & Family",100,"あの人はありがとうです。","That person is the Thank you."
137,"ありがとうございます","ありがとうございます","Thank you (polite)",noun,"People & Family",100,"あの人はありがとうございますです。","That person is the Thank you (polite)."
138,"いかが","いかが","how, in what way",noun,"People & Family",100,"あの人はいかがです。","That person is the how."
139,"医者","いしゃ","doctor; physician",noun,"People & Family",100,"あの人は医者です。","That person is the doctor."
140,"妹","いもうと","younger sister (humble)",noun,"People & Family",100,"あの人は妹です。","That person is the younger sister (humble)."
141,"お母さん","おかあさん","mother (formal)",noun,"People & Family",100,"あの人はお母さんです。","That person is the mother (formal)."
142,"おじいさん","おじいさん","grandfather, male senior citizen",noun,"People & Family",100,"あの人はおじいさんです。","That person is the grandfather."
143,"伯父; 叔父さん","おじさん","uncle, middle-aged man",noun,"People & Family",100,"あの人は伯父; 叔父さんです。","That person is the uncle."
144,"お父さん","おとうさん","father (formal)",noun,"People & Family",100,"あの人はお父さんです。","That person is the father (formal)."
145,"弟","おとうと","younger brother",noun,"People & Family",100,"あの人は弟です。","That person is the younger brother."
146,"男","おとこ","man, male",noun,"People & Family",100,"あの人は男です。","That person is the man."
147,"男の子","おとこのこ",boy,noun,"People & Family",100,"あの人は男の子です。","That person is the boy."
148,"同じ","おなじ","same, identical",noun,"People & Family",100,"あの人は同じです。","That person is the same."
149,"お兄さん","おにいさん","(someone else's) older brother (formal)",noun,"People & Family",100,"あの人はお兄さんです。","That person is the (someone elses) older brother (formal)."
150,"お姉さん","おねえさん","older sister (formal)",noun,"People & Family",100,"あの人はお姉さんです。","That person is the older sister (formal)."
151,"おばあさん","おばあさん","grandmother, female senior-citizen",noun,"People & Family",100,"あの人はおばあさんです。","That person is the grandmother."
152,"伯母さん; 叔母さん","おばさん",aunt,noun,"People & Family",100,"あの人は伯母さん; 叔母さんです。","That person is the aunt."
153,"女","おんな","woman, female",noun,"People & Family",100,"あの人は女です。","That person is the woman."
154,"女の子","おんなのこ",girl,noun,"People & Family",100,"あの人は女の子です。","That person is the girl."
155,"家族","かぞく","family, members of a family",noun,"People & Family",100,"あの人は家族です。","That person is the family."
156,"家庭","かてい","home; family",noun,"People & Family",100,"あの人は家庭です。","That person is the home."
157,"学生","がくせい",student,noun,"People & Family",100,"あの人は学生です。","That person is the student."
158,"こちら","こちら","this person (polite); this way (polite)",noun,"People & Family",100,"あの人はこちらです。","That person is the this person (polite)."
159,"こっち","こっち","this person; this direction; this side",noun,"People & Family",100,"あの人はこっちです。","That person is the this person."
160,"子供","こども",child(ren),noun,"People & Family",100,"あの人は子供です。","That person is the child(ren)."
161,"質問","しつもん","question, inquiry",noun,"People & Family",100,"あの人は質問です。","That person is the question."
162,"生徒","せいと","student; pupil",noun,"People & Family",100,"あの人は生徒です。","That person is the student."
163,"先生","せんせい","teacher, professor; master; doctor",noun,"People & Family",100,"あの人は先生です。","That person is the teacher."
164,"誰","だれ",who,noun,"People & Family",100,"あの人は誰です。","That person is the who."
165,"父","ちち","(my) father",noun,"People & Family",100,"あの人は父です。","That person is the (my) father."
166,"友達","ともだち",friend,noun,"People & Family",100,"あの人は友達です。","That person is the friend."
167,"どう","どう","how, in what way",noun,"People & Family",100,"あの人はどうです。","That person is the how."
168,"どういたしまして","どういたしまして","you're welcome",noun,"People & Family",100,"あの人はどういたしましてです。","That person is the youre welcome."
169,"どうも","どうも","Thank you; somehow; no matter how hard one may try",noun,"People & Family",100,"あの人はどうもです。","That person is the Thank you."
170,"どなた","どなた",who,noun,"People & Family",100,"あの人はどなたです。","That person is the who."
171,"はじめまして","はじめまして","How do you do?",noun,"People & Family",100,"あの人ははじめましてです。","That person is the How do you do?."
172,"母","はは","(my) mother",noun,"People & Family",100,"あの人は母です。","That person is the (my) mother."
173,"人","ひと","man, person",noun,"People & Family",100,"あの人は人です。","That person is the man."
174,"一人","ひとり","one person",noun,"People & Family",100,"あの人は一人です。","That person is the one person."
175,"皆さん","みなさん","all of you, everyone",noun,"People & Family",100,"あの人は皆さんです。","That person is the all of you."
176,"留学生","りゅうがくせい","international student",noun,"People & Family",100,"あの人は留学生です。","That person is the international student."
177,"両親","りょうしん","parents (lit., both parents)",noun,"People & Family",100,"あの人は両親です。","That person is the parents (lit.."
178,"足; 脚","あし","foot; leg",noun,"Body Parts",100,"足; 脚が痛いです。","My foot hurts."
179,"頭","あたま",head,noun,"Body Parts",100,"頭が痛いです。","My head hurts."
180,"いってきます","いってきます","Ill go and come back",noun,"Body Parts",100,"いってきますが痛いです。","My Ill go and come back hurts."
181,"後ろ","うしろ","back, behind, rear",noun,"Body Parts",100,"後ろが痛いです。","My back hurts."
182,"お腹","おなか",stomach,noun,"Body Parts",100,"お腹が痛いです。","My stomach hurts."
183,"顔","かお","face (body part)",noun,"Body Parts",100,"顔が痛いです。","My face (body part) hurts."
184,"体","からだ","body; health",noun,"Body Parts",100,"体が痛いです。","My body hurts."
185,"口","くち","job opening; mouth",noun,"Body Parts",100,"口が痛いです。","My job opening hurts."
186,"声","こえ",voice,noun,"Body Parts",100,"声が痛いです。","My voice hurts."
187,"手","て",hand,noun,"Body Parts",100,"手が痛いです。","My hand hurts."
188,"歯","は",tooth,noun,"Body Parts",100,"歯が痛いです。","My tooth hurts."
189,"鼻","はな",nose,noun,"Body Parts",100,"鼻が痛いです。","My nose hurts."
190,"左","ひだり","left hand side",noun,"Body Parts",100,"左が痛いです。","My left hand side hurts."
191,"右","みぎ","right hand side",noun,"Body Parts",100,"右が痛いです。","My right hand side hurts."
192,"耳","みみ",ear,noun,"Body Parts",100,"耳が痛いです。","My ear hurts."
193,"目","め",eye(s),noun,"Body Parts",100,"目が痛いです。","My eye(s) hurts."
194,"眼鏡","めがね","eye glasses",noun,"Body Parts",100,"眼鏡が痛いです。","My eye glasses hurts."
195,"上着","うわぎ","coat, jacket",noun,Clothing,100,"新しい上着を買いました。","I bought new coat."
196,"傘","かさ","umbrella, parasol",noun,Clothing,100,"新しい傘を買いました。","I bought new umbrella."
197,"かばん","かばん","bag, basket",noun,Clothing,100,"新しいかばんを買いました。","I bought new bag."
198,"靴","くつ","shoes, footwear",noun,Clothing,100,"新しい靴を買いました。","I bought new shoes."
199,"靴下","くつした",socks,noun,Clothing,100,"新しい靴下を買いました。","I bought new socks."
200,"服","ふく",clothes,noun,Clothing,100,"新しい服を買いました。","I bought new clothes."
201,"帽子","ぼうし","hat; cap",noun,Clothing,100,"新しい帽子を買いました。","I bought new hat."
202,"洋服","ようふく","Western-style clothes",noun,Clothing,100,"新しい洋服を買いました。","I bought new Western-style clothes."
203,"コート","コート","coat; court (e.g., tennis)",noun,Clothing,100,"新しいコートを買いました。","I bought new coat."
204,"シャツ","シャツ",shirt,noun,Clothing,100,"新しいシャツを買いました。","I bought new shirt."
205,"スカート","スカート",skirt,noun,Clothing,100,"新しいスカートを買いました。","I bought new skirt."
206,"ワイシャツ","ワイシャツ","shirt (lit: white shirt), business shirt",noun,Clothing,100,"新しいワイシャツを買いました。","I bought new shirt (lit: white shirt)."
207,"朝御飯","あさごはん",breakfast,noun,"Food & Drink",100,"朝御飯が好きです。","I like breakfast."
208,"飴","あめ","(hard) candy",noun,"Food & Drink",100,"飴が好きです。","I like (hard) candy."
209,"お酒","おさけ","sake; alcohol",noun,"Food & Drink",100,"お酒が好きです。","I like sake."
210,"お茶","おちゃ","(green) tea",noun,"Food & Drink",100,"お茶が好きです。","I like (green) tea."
211,"お弁当","おべんとう","a boxed lunch",noun,"Food & Drink",100,"お弁当が好きです。","I like a boxed lunch."
212,"牛肉","ぎゅうにく",beef,noun,"Food & Drink",100,"牛肉が好きです。","I like beef."
213,"果物","くだもの",fruit,noun,"Food & Drink",100,"果物が好きです。","I like fruit."
214,"紅茶","こうちゃ","black tea",noun,"Food & Drink",100,"紅茶が好きです。","I like black tea."
215,"御飯","ごはん","rice (cooked); meal",noun,"Food & Drink",100,"御飯が好きです。","I like rice (cooked)."
216,"砂糖","さとう",sugar,noun,"Food & Drink",100,"砂糖が好きです。","I like sugar."
217,"塩","しお",salt,noun,"Food & Drink",100,"塩が好きです。","I like salt."
218,"茶碗","ちゃわん","rice bowl",noun,"Food & Drink",100,"茶碗が好きです。","I like rice bowl."
219,"鶏肉","とりにく","chicken meat",noun,"Food & Drink",100,"鶏肉が好きです。","I like chicken meat."
220,"肉","にく",meat,noun,"Food & Drink",100,"肉が好きです。","I like meat."
221,"飲み物","のみもの","drink, beverage",noun,"Food & Drink",100,"飲み物が好きです。","I like drink."
222,"昼御飯","ひるごはん","lunch, midday meal",noun,"Food & Drink",100,"昼御飯が好きです。","I like lunch."
223,"豚肉","ぶたにく",pork,noun,"Food & Drink",100,"豚肉が好きです。","I like pork."
224,"野菜","やさい",vegetable,noun,"Food & Drink",100,"野菜が好きです。","I like vegetable."
225,"カレー","カレー","curry (abbr. for curry and rice)",noun,"Food & Drink",100,"カレーが好きです。","I like curry (abbr. for curry and rice)."
226,"コーヒー","コーヒー",coffee,noun,"Food & Drink",100,"コーヒーが好きです。","I like coffee."
227,"パン","パン",bread,noun,"Food & Drink",100,"パンが好きです。","I like bread."
228,"あそこ","あそこ","there, over there, that place",noun,"Places & Directions",100,"あそこに行きます。","I will go to the there."
229,"あっち","あっち","over there",noun,"Places & Directions",100,"あっちに行きます。","I will go to the over there."
230,"あの","あの","that over there; like that, that way; um...",noun,"Places & Directions",100,"あのに行きます。","I will go to the that over there."
231,"あれ","あれ","that one (over there)",noun,"Places & Directions",100,"あれに行きます。","I will go to the that one (over there)."
232,"家","いえ","house, home",noun,"Places & Directions",100,"家に行きます。","I will go to the house."
233,"入口","いりぐち",entrance,noun,"Places & Directions",100,"入口に行きます。","I will go to the entrance."
234,"上","うえ","above (up, top, etc.), over, on top of",noun,"Places & Directions",100,"上に行きます。","I will go to the above (up."
235,"うち","うち","home; house; my place",noun,"Places & Directions",100,"うちに行きます。","I will go to the home."
236,"駅","えき",station,noun,"Places & Directions",100,"駅に行きます。","I will go to the station."
237,"外国","がいこく","foreign country; abroad",noun,"Places & Directions",100,"外国に行きます。","I will go to the foreign country."
238,"北","きた",north,noun,"Places & Directions",100,"北に行きます。","I will go to the north."
239,"銀行","ぎんこう",bank,noun,"Places & Directions",100,"銀行に行きます。","I will go to the bank."
240,"国","くに","country; place of origin",noun,"Places & Directions",100,"国に行きます。","I will go to the country."
241,"公園","こうえん","a park",noun,"Places & Directions",100,"公園に行きます。","I will go to a park."
242,"ここ","ここ","here, this place",noun,"Places & Directions",100,"ここに行きます。","I will go to the here."
243,"そこ","そこ","that place, there; bottom, sole",noun,"Places & Directions",100,"そこに行きます。","I will go to the that place."
244,"そちら","そちら","over there",noun,"Places & Directions",100,"そちらに行きます。","I will go to the over there."
245,"そっち","そっち","over there",noun,"Places & Directions",100,"そっちに行きます。","I will go to the over there."
246,"外","そと","outside, exterior",noun,"Places & Directions",100,"外に行きます。","I will go to the outside."
247,"そば","そば","near, close, beside; Japanese traditional buckwheat noodle",noun,"Places & Directions",100,"そばに行きます。","I will go to the near."
248,"ただいま","ただいま","Im home",noun,"Places & Directions",100,"ただいまに行きます。","I will go to the Im home."
249,"丁度","ちょうど","just, right, exactly",adverb,"Places & Directions",100,"丁度に行きます。","I will go to the just."
250,"出口","でぐち","an exit",noun,"Places & Directions",100,"出口に行きます。","I will go to an exit."
251,"戸","と","door (Japanese style)",noun,"Places & Directions",100,"戸に行きます。","I will go to the door (Japanese style)."
252,"隣","となり","next to, next door to",noun,"Places & Directions",100,"隣に行きます。","I will go to the next to."
253,"どこ","どこ","where, what place",noun,"Places & Directions",100,"どこに行きます。","I will go to the where."
254,"どちら","どちら","which (one) (way); where (polite)",noun,"Places & Directions",100,"どちらに行きます。","I will go to the which (one) (way)."
255,"中","なか","inside, middle, among",noun,"Places & Directions",100,"中に行きます。","I will go to the inside."
256,"西","にし",west,noun,"Places & Directions",100,"西に行きます。","I will go to the west."
257,"東","ひがし",east,noun,"Places & Directions",100,"東に行きます。","I will go to the east."
258,"病院","びょういん",hospital,noun,"Places & Directions",100,"病院に行きます。","I will go to the hospital."
259,"部屋","へや","a room",noun,"Places & Directions",100,"部屋に行きます。","I will go to a room."
260,"町","まち","town; city",noun,"Places & Directions",100,"町に行きます。","I will go to the town."
261,"窓","まど",window,noun,"Places & Directions",100,"窓に行きます。","I will go to the window."
262,"店","みせ","store, shop",noun,"Places & Directions",100,"店に行きます。","I will go to the store."
263,"南","みなみ",South,noun,"Places & Directions",100,"南に行きます。","I will go to the South."
264,"向こう","むこう","beyond, over there",noun,"Places & Directions",100,"向こうに行きます。","I will go to the beyond."
265,"アパート","アパート","apartment (abbr.)",noun,"Places & Directions",100,"アパートに行きます。","I will go to the apartment (abbr.)."
266,"デパート","デパート","(abbr.) department store",noun,"Places & Directions",100,"デパートに行きます。","I will go to the (abbr.) department store."
267,"トイレ","トイレ","bathroom; toilet",noun,"Places & Directions",100,"トイレに行きます。","I will go to the bathroom."
268,"ドア","ドア","door (Western style)",noun,"Places & Directions",100,"ドアに行きます。","I will go to the door (Western style)."
269,"ホテル","ホテル",hotel,noun,"Places & Directions",100,"ホテルに行きます。","I will go to the hotel."
270,"レストラン","レストラン",restaurant,noun,"Places & Directions",100,"レストランに行きます。","I will go to the restaurant."
271,"～前","～まえ","in front of ~",expression,"Places & Directions",100,"～前に行きます。","I will go to the in front of ~."
272,"～屋","～や","~ shop",expression,"Places & Directions",100,"～屋に行きます。","I will go to the ~ shop."
273,"鉛筆","えんぴつ",pencil,noun,"School & Work",100,"これはわたしの鉛筆です。","This is my pencil."
274,"会社","かいしゃ","company, corporation",noun,"School & Work",100,"これはわたしの会社です。","This is my company."
275,"角","かど","corner (e.g., desk, pavement)",noun,"School & Work",100,"これはわたしの角です。","This is my corner (e.g.."
276,"紙","かみ",paper,noun,"School & Work",100,"これはわたしの紙です。","This is my paper."
277,"学校","がっこう","a school",noun,"School & Work",100,"これはわたしの学校です。","This is my a school."
278,"雑誌","ざっし","magazine, journal",noun,"School & Work",100,"これはわたしの雑誌です。","This is my magazine."
279,"仕事","しごと","work, job, occupation, employment",noun,"School & Work",100,"これはわたしの仕事です。","This is my work."
280,"宿題","しゅくだい",homework,noun,"School & Work",100,"これはわたしの宿題です。","This is my homework."
281,"新聞","しんぶん",newspaper,noun,"School & Work",100,"これはわたしの新聞です。","This is my newspaper."
282,"辞書","じしょ",dictionary,noun,"School & Work",100,"これはわたしの辞書です。","This is my dictionary."
283,"字引","じびき",dictionary,noun,"School & Work",100,"これはわたしの字引です。","This is my dictionary."
284,"授業","じゅぎょう","a class (of school)",noun,"School & Work",100,"これはわたしの授業です。","This is my a class (of school)."
285,"大学","だいがく","college; university",noun,"School & Work",100,"これはわたしの大学です。","This is my college."
286,"机","つくえ",desk,noun,"School & Work",100,"これはわたしの机です。","This is my desk."
287,"図書館","としょかん",library,noun,"School & Work",100,"これはわたしの図書館です。","This is my library."
288,"勉強","べんきょう (する)",study,noun,"School & Work",100,"これはわたしの勉強です。","This is my study."
289,"本","ほん",book,noun,"School & Work",100,"これはわたしの本です。","This is my book."
290,"郵便局","ゆうびんきょく","post office",noun,"School & Work",100,"これはわたしの郵便局です。","This is my post office."
291,"クラス","クラス","a class",noun,"School & Work",100,"これはわたしのクラスです。","This is my a class."
292,"テスト","テスト",test,noun,"School & Work",100,"これはわたしのテストです。","This is my test."
293,"雨","あめ",rain,noun,"Nature & Animals",100,"それは雨ですね。","That is rain."
294,"犬","いぬ",dog,noun,"Nature & Animals",100,"それは犬ですね。","That is dog."
295,"海","うみ","sea, beach",noun,"Nature & Animals",100,"それは海ですね。","That is sea."
296,"風","かぜ","wind, breeze",noun,"Nature & Animals",100,"それは風ですね。","That is wind."
297,"花瓶","かびん","(flower) vase",noun,"Nature & Animals",100,"それは花瓶ですね。","That is (flower) vase."
298,"川; 河","かわ",river,noun,"Nature & Animals",100,"それは川; 河ですね。","That is river."
299,"木","き","tree, wood, timber",noun,"Nature & Animals",100,"それは木ですね。","That is tree."
300,"曇り","くもり","cloudiness, cloudy weather",noun,"Nature & Animals",100,"それは曇りですね。","That is cloudiness."
301,"魚","さかな",fish,noun,"Nature & Animals",100,"それは魚ですね。","That is fish."
302,"空","そら",sky,noun,"Nature & Animals",100,"それは空ですね。","That is sky."
303,"天気","てんき",weather,noun,"Nature & Animals",100,"それは天気ですね。","That is weather."
304,"鳥","とり","chicken (lit., bird)",noun,"Nature & Animals",100,"それは鳥ですね。","That is chicken (lit.."
305,"動物","どうぶつ",animal,noun,"Nature & Animals",100,"それは動物ですね。","That is animal."
306,"猫","ねこ",cat,noun,"Nature & Animals",100,"それは猫ですね。","That is cat."
307,"花","はな",flower,noun,"Nature & Animals",100,"それは花ですね。","That is flower."
308,"晴れ","はれ","clear (sunny) weather",noun,"Nature & Animals",100,"それは晴れですね。","That is clear (sunny) weather."
309,"水","みず",water,noun,"Nature & Animals",100,"それは水ですね。","That is water."
310,"山","やま",mountain,noun,"Nature & Animals",100,"それは山ですね。","That is mountain."
311,"雪","ゆき",snow,noun,"Nature & Animals",100,"それは雪ですね。","That is snow."
312,"ああ","ああ","Ah!, Oh!",noun,"Things & Objects",100,"これはああです。","This is the Ah!."
313,"アイスクリーム","あいすくりーむ","ice cream",noun,"Things & Objects",100,"これはアイスクリームです。","This is the ice cream."
314,"青","あお",blue,noun,"Things & Objects",100,"これは青です。","This is the blue."
315,"赤","あか",red,noun,"Things & Objects",100,"これは赤です。","This is the red."
316,"秋","あき","fall (season)",noun,"Things & Objects",100,"これは秋です。","This is the fall (season)."
317,"あちら","あちら","this way (polite)",noun,"Things & Objects",100,"これはあちらです。","This is the this way (polite)."
318,"後","あと","afterwards (later); in the future; the rest; since then",noun,"Things & Objects",100,"これは後です。","This is the afterwards (later)."
319,"いくつ","いくつ","how many, how old",noun,"Things & Objects",100,"これはいくつです。","This is the how many."
320,"いくら","いくら","how much, how many",noun,"Things & Objects",100,"これはいくらです。","This is the how much."
321,"池","いけ",pond,noun,"Things & Objects",100,"これは池です。","This is the pond."
322,"椅子","いす",chair,noun,"Things & Objects",100,"これは椅子です。","This is the chair."
323,"一番","いちばん","best (most), first, number one",noun,"Things & Objects",100,"これは一番です。","This is the best (most)."
324,"一緒","いっしょ",together,noun,"Things & Objects",100,"これは一緒です。","This is the together."
325,"いつ","いつ",when,noun,"Things & Objects",100,"これはいつです。","This is the when."
326,"五つ","いつつ","five things",noun,"Things & Objects",100,"これは五つです。","This is the five things."
327,"意味","いみ","meaning, significance",noun,"Things & Objects",100,"これは意味です。","This is the meaning."
328,"嫌","いや","disagreeable, detestable, unpleasant",noun,"Things & Objects",100,"これは嫌です。","This is the disagreeable."
329,"色","いろ",color,noun,"Things & Objects",100,"これは色です。","This is the color."
330,"色々","いろいろ",various,noun,"Things & Objects",100,"これは色々です。","This is the various."
331,"インターネット","いんたーねっと",internet,noun,"Things & Objects",100,"これはインターネットです。","This is the internet."
332,"歌","うた","a song",noun,"Things & Objects",100,"これは歌です。","This is a song."
333,"絵","え","a painting; a picture; a drawing",noun,"Things & Objects",100,"これは絵です。","This is a painting."
334,"エアコン","えあこん","air conditioner",noun,"Things & Objects",100,"これはエアコンです。","This is the air conditioner."
335,"映画","えいが","movie, film",noun,"Things & Objects",100,"これは映画です。","This is the movie."
336,"映画館","えいがかん","movie theater, cinema",noun,"Things & Objects",100,"これは映画館です。","This is the movie theater."
337,"英語","えいご","English (language)",noun,"Things & Objects",100,"これは英語です。","This is the English (language)."
338,"大きな","おおきな",big,noun,"Things & Objects",100,"これは大きなです。","This is the big."
339,"お菓子","おかし","confections, sweets, snack",noun,"Things & Objects",100,"これはお菓子です。","This is the confections."
340,"お金","おかね",money,noun,"Things & Objects",100,"これはお金です。","This is the money."
341,"奥さん","おくさん","(someone else's) wife (hon.)",noun,"Things & Objects",100,"これは奥さんです。","This is the (someone elses) wife (hon.)."
342,"お皿","おさら","plate, dish",noun,"Things & Objects",100,"これはお皿です。","This is the plate."
343,"大人","おとな",adult,noun,"Things & Objects",100,"これは大人です。","This is the adult."
344,"お風呂","おふろ","a bath",noun,"Things & Objects",100,"これはお風呂です。","This is a bath."
345,"おまわりさん","おまわりさん","policeman (friendly term)",noun,"Things & Objects",100,"これはおまわりさんです。","This is the policeman (friendly term)."
346,"おめでとう","おめでとう",congratulations,noun,"Things & Objects",100,"これはおめでとうです。","This is the congratulations."
347,"音楽","おんがく",Music,noun,"Things & Objects",100,"これは音楽です。","This is the Music."
348,"階段","かいだん",stairs,noun,"Things & Objects",100,"これは階段です。","This is the stairs."
349,"買い物","かいもの",shopping,noun,"Things & Objects",100,"これは買い物です。","This is the shopping."
350,"鍵","かぎ","a lock; a key",noun,"Things & Objects",100,"これは鍵です。","This is a lock."
351,"風邪","かぜ","cold, flu",noun,"Things & Objects",100,"これは風邪です。","This is the cold."
352,"片仮名","かたかな",katakana,noun,"Things & Objects",100,"これは片仮名です。","This is the katakana."
353,"漢字","かんじ","kanji; Chinese character",noun,"Things & Objects",100,"これは漢字です。","This is the kanji."
354,"外国人","がいこくじん",foreigner,noun,"Things & Objects",100,"これは外国人です。","This is the foreigner."
355,"黄色","きいろ",yellow,noun,"Things & Objects",100,"これは黄色です。","This is the yellow."
356,"喫茶店","きっさてん","café",noun,"Things & Objects",100,"これは喫茶店です。","This is the café."
357,"切手","きって","postal (postage) stamps",noun,"Things & Objects",100,"これは切手です。","This is the postal (postage) stamps."
358,"切符","きっぷ","a ticket",noun,"Things & Objects",100,"これは切符です。","This is a ticket."
359,"教室","きょうしつ",classroom,noun,"Things & Objects",100,"これは教室です。","This is the classroom."
360,"兄弟","きょうだい","siblings (humble), brothers and sisters",noun,"Things & Objects",100,"これは兄弟です。","This is the siblings (humble)."
361,"綺麗","きれい","pretty, clean, tidy",noun,"Things & Objects",100,"これは綺麗です。","This is the pretty."
362,"牛乳","ぎゅうにゅう",milk,noun,"Things & Objects",100,"これは牛乳です。","This is the milk."
363,"薬","くすり",medicine,noun,"Things & Objects",100,"これは薬です。","This is the medicine."
364,"車","くるま","car, vehicle",noun,"Things & Objects",100,"これは車です。","This is the car."
365,"黒","くろ",black,noun,"Things & Objects",100,"これは黒です。","This is the black."
366,"警官","けいかん","police officer",noun,"Things & Objects",100,"これは警官です。","This is the police officer."
367,"結婚","けっこん (する)","marriage (get married)",noun,"Things & Objects",100,"これは結婚です。","This is the marriage (get married)."
368,"元気","げんき","health(y), energetic",noun,"Things & Objects",100,"これは元気です。","This is the health(y)."
369,"交差点","こうさてん",intersection,noun,"Things & Objects",100,"これは交差点です。","This is the intersection."
370,"交番","こうばん","police box",noun,"Things & Objects",100,"これは交番です。","This is the police box."
371,"九つ","ここのつ","nine things",noun,"Things & Objects",100,"これは九つです。","This is the nine things."
372,"言葉","ことば","language; word(s); expression(s)",noun,"Things & Objects",100,"これは言葉です。","This is the language."
373,"この","この",this,noun,"Things & Objects",100,"これはこのです。","This is the this."
374,"これ","これ","this one",noun,"Things & Objects",100,"これはこれです。","This is the this one."
375,"こんな","こんな","such, like this",noun,"Things & Objects",100,"これはこんなです。","This is the such."
376,"財布","さいふ",wallet,noun,"Things & Objects",100,"これは財布です。","This is the wallet."
377,"先","さき","future; recent, previous",noun,"Things & Objects",100,"これは先です。","This is the future."
378,"作文","さくぶん","essay; composition",noun,"Things & Objects",100,"これは作文です。","This is the essay."
379,"さようなら","さようなら",Goodbye,noun,"Things & Objects",100,"これはさようならです。","This is the Goodbye."
380,"散歩","さんぽ (する)","walk, stroll",noun,"Things & Objects",100,"これは散歩です。","This is the walk."
381,"しかし","しかし","however; but",noun,"Things & Objects",100,"これはしかしです。","This is the however."
382,"静か","しずか","quiet, calm",noun,"Things & Objects",100,"これは静かです。","This is the quiet."
383,"下","した","under, below, beneath",noun,"Things & Objects",100,"これは下です。","This is the under."
384,"写真","しゃしん","a picture; a photograph",noun,"Things & Objects",100,"これは写真です。","This is a picture."
385,"醤油","しょうゆ","soy sauce",noun,"Things & Objects",100,"これは醤油です。","This is the soy sauce."
386,"食堂","しょくどう","cafeteria, dining hall",noun,"Things & Objects",100,"これは食堂です。","This is the cafeteria."
387,"白","しろ",white,noun,"Things & Objects",100,"これは白です。","This is the white."
388,"自転車","じてんしゃ",bicycle,noun,"Things & Objects",100,"これは自転車です。","This is the bicycle."
389,"自動車","じどうしゃ",automobile,noun,"Things & Objects",100,"これは自動車です。","This is the automobile."
390,"自分","じぶん","myself, oneself",noun,"Things & Objects",100,"これは自分です。","This is the myself."
391,"じゃ; じゃあ","じゃ; じゃあ","well, well then",noun,"Things & Objects",100,"これはじゃ; じゃあです。","This is the well."
392,"上手","じょうず","be good at, skillful",noun,"Things & Objects",100,"これは上手です。","This is the be good at."
393,"丈夫","じょうぶ","strong, solid, durable",noun,"Things & Objects",100,"これは丈夫です。","This is the strong."
394,"好き","すき","liking, fondness, love",noun,"Things & Objects",100,"これは好きです。","This is the liking."
395,"すぐに","すぐに","immediately, soon",adverb,"Things & Objects",100,"これはすぐにです。","This is the immediately."
396,"少し","すこし","little, few",noun,"Things & Objects",100,"これは少しです。","This is the little."
397,"スマホ","すまほ",smartphone,noun,"Things & Objects",100,"これはスマホです。","This is the smartphone."
398,"スマートフォン","すまーとふぉん",smartphone,noun,"Things & Objects",100,"これはスマートフォンです。","This is the smartphone."
399,"スーパー","すーぱー",supermarket,noun,"Things & Objects",100,"これはスーパーです。","This is the supermarket."
400,"背","せい","(one's) height, stature",noun,"Things & Objects",100,"これは背です。","This is the (ones) height."
401,"石鹸","せっけん",soap,noun,"Things & Objects",100,"これは石鹸です。","This is the soap."
402,"背広","せびろ","men's suit",noun,"Things & Objects",100,"これは背広です。","This is the mens suit."
403,"洗濯","せんたく","washing, laundry",noun,"Things & Objects",100,"これは洗濯です。","This is the washing."
404,"全部","ぜんぶ","all, entire, whole",noun,"Things & Objects",100,"これは全部です。","This is the all."
405,"そうして; そして","そうして; そして","and, like that",noun,"Things & Objects",100,"これはそうして; そしてです。","This is the and."
406,"掃除","そうじ (する)","cleaning, sweeping",noun,"Things & Objects",100,"これは掃除です。","This is the cleaning."
407,"その","その",that,noun,"Things & Objects",100,"これはそのです。","This is the that."
408,"それ","それ","that one",noun,"Things & Objects",100,"これはそれです。","This is the that one."
409,"それでは","それでは","in that situation, well then...",noun,"Things & Objects",100,"これはそれではです。","This is the in that situation."
410,"大使館","たいしかん",embassy,noun,"Things & Objects",100,"これは大使館です。","This is the embassy."
411,"大切","たいせつ",important,noun,"Things & Objects",100,"これは大切です。","This is the important."
412,"大変","たいへん","very; difficult, hard",adverb,"Things & Objects",100,"これは大変です。","This is the very."
413,"沢山","たくさん","many, much",noun,"Things & Objects",100,"これは沢山です。","This is the many."
414,"たて","たて","length, height",noun,"Things & Objects",100,"これはたてです。","This is the length."
415,"建物","たてもの",building,noun,"Things & Objects",100,"これは建物です。","This is the building."
416,"たばこ","たばこ","tobacco, cigarettes",noun,"Things & Objects",100,"これはたばこです。","This is the tobacco."
417,"多分","たぶん","perhaps, probably, maybe",noun,"Things & Objects",100,"これは多分です。","This is the perhaps."
418,"食べ物","たべもの",food,noun,"Things & Objects",100,"これは食べ物です。","This is the food."
419,"卵","たまご",egg,noun,"Things & Objects",100,"これは卵です。","This is the egg."
420,"誕生日","たんじょうび",birthday,noun,"Things & Objects",100,"これは誕生日です。","This is the birthday."
421,"大好き","だいすき","very like-able, like very much",adverb,"Things & Objects",100,"これは大好きです。","This is the very like-able."
422,"台所","だいどころ",kitchen,noun,"Things & Objects",100,"これは台所です。","This is the kitchen."
423,"誰か","だれか",someone,noun,"Things & Objects",100,"これは誰かです。","This is the someone."
424,"段々","だんだん","gradually, by degrees",noun,"Things & Objects",100,"これは段々です。","This is the gradually."
425,"小さな","ちいさな","small, little",noun,"Things & Objects",100,"これは小さなです。","This is the small."
426,"近く","ちかく","nearby; in the neighborhood",noun,"Things & Objects",100,"これは近くです。","This is the nearby."
427,"地下鉄","ちかてつ","underground train, subway",noun,"Things & Objects",100,"これは地下鉄です。","This is the underground train."
428,"地図","ちず","a map",noun,"Things & Objects",100,"これは地図です。","This is a map."
429,"茶色","ちゃいろ",brown,noun,"Things & Objects",100,"これは茶色です。","This is the brown."
430,"ちょっと","ちょっと","a little, somewhat; just a little, somewhat",adverb,"Things & Objects",100,"これはちょっとです。","This is a little."
431,"次","つぎ",next,noun,"Things & Objects",100,"これは次です。","This is the next."
432,"手紙","てがみ",letter,noun,"Things & Objects",100,"これは手紙です。","This is the letter."
433,"では","では","then, well, so",noun,"Things & Objects",100,"これはではです。","This is the then."
434,"でも","でも","but, however",noun,"Things & Objects",100,"これはでもです。","This is the but."
435,"電気","でんき","electricity, (electric) light",noun,"Things & Objects",100,"これは電気です。","This is the electricity."
436,"電車","でんしゃ","electric train",noun,"Things & Objects",100,"これは電車です。","This is the electric train."
437,"電話","でんわ","a telephone",noun,"Things & Objects",100,"これは電話です。","This is a telephone."
438,"時計","とけい","a watch; a clock",noun,"Things & Objects",100,"これは時計です。","This is a watch."
439,"所","ところ",place,noun,"Things & Objects",100,"これは所です。","This is the place."
440,"とても","とても","very (much), greatly, exceedingly",adverb,"Things & Objects",100,"これはとてもです。","This is the very (much)."
441,"どうして","どうして","why, for what reason",noun,"Things & Objects",100,"これはどうしてです。","This is the why."
442,"どっち","どっち","which one, which way",noun,"Things & Objects",100,"これはどっちです。","This is the which one."
443,"どの","どの",which,noun,"Things & Objects",100,"これはどのです。","This is the which."
444,"どれ","どれ","which one",noun,"Things & Objects",100,"これはどれです。","This is the which one."
445,"どんな","どんな","what, what kind of",noun,"Things & Objects",100,"これはどんなです。","This is the what."
446,"なぜ","なぜ","why (same as どうして)",noun,"Things & Objects",100,"これはなぜです。","This is the why (same as どうして)."
447,"夏","なつ",summer,noun,"Things & Objects",100,"これは夏です。","This is the summer."
448,"夏休み","なつやすみ","summer vacation",noun,"Things & Objects",100,"これは夏休みです。","This is the summer vacation."
449,"七つ","ななつ","seven things",noun,"Things & Objects",100,"これは七つです。","This is the seven things."
450,"名前","なまえ",name,noun,"Things & Objects",100,"これは名前です。","This is the name."
451,"何","なん; なに",what,noun,"Things & Objects",100,"これは何です。","This is the what."
452,"何～","なん～","what sort of ~",noun,"Things & Objects",100,"これは何～です。","This is the what sort of ~."
453,"にぎやか","にぎやか","bustling, busy",noun,"Things & Objects",100,"これはにぎやかです。","This is the bustling."
454,"荷物","にもつ","luggage; baggage",noun,"Things & Objects",100,"これは荷物です。","This is the luggage."
455,"庭","にわ",garden,noun,"Things & Objects",100,"これは庭です。","This is the garden."
456,"灰皿","はいざら",ashtray,noun,"Things & Objects",100,"これは灰皿です。","This is the ashtray."
457,"葉書","はがき",postcard,noun,"Things & Objects",100,"これは葉書です。","This is the postcard."
458,"箱","はこ",box,noun,"Things & Objects",100,"これは箱です。","This is the box."
459,"橋","はし",bridge,noun,"Things & Objects",100,"これは橋です。","This is the bridge."
460,"箸","はし",chopsticks,noun,"Things & Objects",100,"これは箸です。","This is the chopsticks."
461,"始まる","はじまる","(something) begins",noun,"Things & Objects",100,"これは始まるです。","This is the (something) begins."
462,"初め; 始め","はじめ","beginning, start",noun,"Things & Objects",100,"これは初め; 始めです。","This is the beginning."
463,"二十歳","はたち","20 years old",noun,"Things & Objects",100,"これは二十歳です。","This is the 20 years old."
464,"話","はなし","talk (chat), story",noun,"Things & Objects",100,"これは話です。","This is the talk (chat)."
465,"春","はる",spring,noun,"Things & Objects",100,"これは春です。","This is the spring."
466,"ハンバーガー","はんばーがー",hamburger,noun,"Things & Objects",100,"これはハンバーガーです。","This is the hamburger."
467,"半分","はんぶん",half,noun,"Things & Objects",100,"これは半分です。","This is the half."
468,"番号","ばんごう","number, series of digits",noun,"Things & Objects",100,"これは番号です。","This is the number."
469,"パソコン","ぱそこん","personal computer",noun,"Things & Objects",100,"これはパソコンです。","This is the personal computer."
470,"飛行機","ひこうき",airplane,noun,"Things & Objects",100,"これは飛行機です。","This is the airplane."
471,"一つ","ひとつ","one thing",noun,"Things & Objects",100,"これは一つです。","This is the one thing."
472,"平仮名","ひらがな",hiragana,noun,"Things & Objects",100,"これは平仮名です。","This is the hiragana."
473,"病気","びょうき","illness; sickness",noun,"Things & Objects",100,"これは病気です。","This is the illness."
474,"封筒","ふうとう",envelope,noun,"Things & Objects",100,"これは封筒です。","This is the envelope."
475,"二つ","ふたつ","two things",noun,"Things & Objects",100,"これは二つです。","This is the two things."
476,"二人","ふたり","two people",noun,"Things & Objects",100,"これは二人です。","This is the two people."
477,"冬","ふゆ",winter,noun,"Things & Objects",100,"これは冬です。","This is the winter."
478,"文章","ぶんしょう","sentence, text",noun,"Things & Objects",100,"これは文章です。","This is the sentence."
479,"下手","へた","unskillful, poor",noun,"Things & Objects",100,"これは下手です。","This is the unskillful."
480,"辺","へん","area, vicinity",noun,"Things & Objects",100,"これは辺です。","This is the area."
481,"便利","べんり","convenient, handy",noun,"Things & Objects",100,"これは便利です。","This is the convenient."
482,"本棚","ほんだな",bookshelf,noun,"Things & Objects",100,"これは本棚です。","This is the bookshelf."
483,"本当","ほんとう","real, true",noun,"Things & Objects",100,"これは本当です。","This is the real."
484,"また","また","and; furthermore",noun,"Things & Objects",100,"これはまたです。","This is the and."
485,"まだ","まだ","yet, still, besides",adverb,"Things & Objects",100,"これはまだです。","This is the yet."
486,"まっすぐ","まっすぐ","straight (ahead), direct",noun,"Things & Objects",100,"これはまっすぐです。","This is the straight (ahead)."
487,"万年筆","まんねんひつ","fountain pen",noun,"Things & Objects",100,"これは万年筆です。","This is the fountain pen."
488,"道","みち","road, street; way, directions",noun,"Things & Objects",100,"これは道です。","This is the road."
489,"三つ","みっつ","three things",noun,"Things & Objects",100,"これは三つです。","This is the three things."
490,"緑","みどり",green,noun,"Things & Objects",100,"これは緑です。","This is the green."
491,"みんな","みんな","all, everyone, everybody",noun,"Things & Objects",100,"これはみんなです。","This is the all."
492,"六つ","むっつ","six things",noun,"Things & Objects",100,"これは六つです。","This is the six things."
493,"村","むら",village,noun,"Things & Objects",100,"これは村です。","This is the village."
494,"もう","もう","already; again; more",adverb,"Things & Objects",100,"これはもうです。","This is the already."
495,"もっと","もっと",more,noun,"Things & Objects",100,"これはもっとです。","This is the more."
496,"物","もの","thing (concrete object)",noun,"Things & Objects",100,"これは物です。","This is the thing (concrete object)."
497,"門","もん",gate,noun,"Things & Objects",100,"これは門です。","This is the gate."
498,"問題","もんだい","a problem",noun,"Things & Objects",100,"これは問題です。","This is a problem."
499,"八百屋","やおや",greengrocer,noun,"Things & Objects",100,"これは八百屋です。","This is the greengrocer."
500,"八つ","やっつ","eight things",noun,"Things & Objects",100,"これは八つです。","This is the eight things."
501,"有名","ゆうめい",famous,noun,"Things & Objects",100,"これは有名です。","This is the famous."
502,"ゆっくりと","ゆっくりと","slowly, at ease",noun,"Things & Objects",100,"これはゆっくりとです。","This is the slowly."
503,"横","よこ","beside; side; width",noun,"Things & Objects",100,"これは横です。","This is the beside."
504,"四つ","よっつ","four things",noun,"Things & Objects",100,"これは四つです。","This is the four things."
505,"りっぱ","りっぱ","splendid, fine",noun,"Things & Objects",100,"これはりっぱです。","This is the splendid."
506,"料理","りょうり","cooking; cuisine",noun,"Things & Objects",100,"これは料理です。","This is the cooking."
507,"旅行","りょこう","travel, trip",noun,"Things & Objects",100,"これは旅行です。","This is the travel."
508,"冷蔵庫","れいぞうこ",refrigerator,noun,"Things & Objects",100,"これは冷蔵庫です。","This is the refrigerator."
509,"練習","れんしゅう (する)","(to) practice",noun,"Things & Objects",100,"これは練習です。","This is the (to) practice."
510,"廊下","ろうか",corridor,noun,"Things & Objects",100,"これは廊下です。","This is the corridor."
511,"エレベーター","エレベーター",elevator,noun,"Things & Objects",100,"これはエレベーターです。","This is the elevator."
512,"カップ","カップ",cup,noun,"Things & Objects",100,"これはカップです。","This is the cup."
513,"カメラ","カメラ",camera,noun,"Things & Objects",100,"これはカメラです。","This is the camera."
514,"カレンダー","カレンダー",calendar,noun,"Things & Objects",100,"これはカレンダーです。","This is the calendar."
515,"キロ; キログラム","キロ; キログラム","(abbr.) kilo (kilogram)",noun,"Things & Objects",100,"これはキロ; キログラムです。","This is the (abbr.) kilo (kilogram)."
516,"キロ; キロメートル","キロ; キロメートル","(abbr.) kilo (kilometer)",noun,"Things & Objects",100,"これはキロ; キロメートルです。","This is the (abbr.) kilo (kilometer)."
517,"ギター","ギター",guitar,noun,"Things & Objects",100,"これはギターです。","This is the guitar."
518,"グラム","グラム",gram,noun,"Things & Objects",100,"これはグラムです。","This is the gram."
519,"コップ","コップ","a tumbler; a glass",noun,"Things & Objects",100,"これはコップです。","This is a tumbler."
520,"シャワー","シャワー",shower,noun,"Things & Objects",100,"これはシャワーです。","This is the shower."
521,"ストーブ","ストーブ","heater (lit: stove)",noun,"Things & Objects",100,"これはストーブです。","This is the heater (lit: stove)."
522,"スプーン","スプーン",spoon,noun,"Things & Objects",100,"これはスプーンです。","This is the spoon."
523,"スポーツ","スポーツ",sport(s),noun,"Things & Objects",100,"これはスポーツです。","This is the sport(s)."
524,"ズボン","ズボン",trousers,noun,"Things & Objects",100,"これはズボンです。","This is the trousers."
525,"セーター","セーター",sweater,noun,"Things & Objects",100,"これはセーターです。","This is the sweater."
526,"ゼロ","ゼロ",zero,noun,"Things & Objects",100,"これはゼロです。","This is the zero."
527,"タクシー","タクシー",taxi,noun,"Things & Objects",100,"これはタクシーです。","This is the taxi."
528,"テレビ","テレビ","television, TV",noun,"Things & Objects",100,"これはテレビです。","This is the television."
529,"テーブル","テーブル",table,noun,"Things & Objects",100,"これはテーブルです。","This is the table."
530,"テープ","テープ",tape,noun,"Things & Objects",100,"これはテープです。","This is the tape."
531,"テープレコーダー","テープレコーダー","tape recorder",noun,"Things & Objects",100,"これはテープレコーダーです。","This is the tape recorder."
532,"ナイフ","ナイフ",knife,noun,"Things & Objects",100,"これはナイフです。","This is the knife."
533,"ニュース","ニュース",news,noun,"Things & Objects",100,"これはニュースです。","This is the news."
534,"ネクタイ","ネクタイ","tie, necktie",noun,"Things & Objects",100,"これはネクタイです。","This is the tie."
535,"ハンカチ","ハンカチ",handkerchief,noun,"Things & Objects",100,"これはハンカチです。","This is the handkerchief."
536,"バス","バス","bus; bath; bass",noun,"Things & Objects",100,"これはバスです。","This is the bus."
537,"バター","バター",butter,noun,"Things & Objects",100,"これはバターです。","This is the butter."
538,"パーティー","パーティー","a party",noun,"Things & Objects",100,"これはパーティーです。","This is a party."
539,"フィルム","フィルム","film (roll of)",noun,"Things & Objects",100,"これはフィルムです。","This is the film (roll of)."
540,"フォーク","フォーク",fork,noun,"Things & Objects",100,"これはフォークです。","This is the fork."
541,"プール","プール","swimming pool",noun,"Things & Objects",100,"これはプールです。","This is the swimming pool."
542,"ベッド","ベッド",bed,noun,"Things & Objects",100,"これはベッドです。","This is the bed."
543,"ペット","ペット",pet,noun,"Things & Objects",100,"これはペットです。","This is the pet."
544,"ペン","ペン",pen,noun,"Things & Objects",100,"これはペンです。","This is the pen."
545,"ページ","ページ","a page",noun,"Things & Objects",100,"これはページです。","This is a page."
546,"ボタン","ボタン",button,noun,"Things & Objects",100,"これはボタンです。","This is the button."
547,"ボールペン","ボールペン","ball-point pen",noun,"Things & Objects",100,"これはボールペンです。","This is the ball-point pen."
548,"ポケット","ポケット",pocket,noun,"Things & Objects",100,"これはポケットです。","This is the pocket."
549,"ポスト","ポスト","mailbox; post, position",noun,"Things & Objects",100,"これはポストです。","This is the mailbox."
550,"マッチ","マッチ",match,noun,"Things & Objects",100,"これはマッチです。","This is the match."
551,"メートル","メートル",meter,noun,"Things & Objects",100,"これはメートルです。","This is the meter."
552,"ラジオ","ラジオ",radio,noun,"Things & Objects",100,"これはラジオです。","This is the radio."
553,"ラジオカセ","ラジオカセ","radio cassette player",noun,"Things & Objects",100,"これはラジオカセです。","This is the radio cassette player."
554,"レコード","レコード",record,noun,"Things & Objects",100,"これはレコードです。","This is the record."
555,"青い","あおい",blue,adjective,Adjectives,100,"それは青いですね。","That is blue."
556,"赤い","あかい",red,adjective,Adjectives,100,"それは赤いですね。","That is red."
557,"暖かい","あたたかい",warm,adjective,Adjectives,100,"それは暖かいですね。","That is warm."
558,"新しい","あたらしい",new,adjective,Adjectives,100,"それは新しいですね。","That is new."
559,"熱い","あつい","hot (objects)",adjective,Adjectives,100,"それは熱いですね。","That is hot (objects)."
560,"厚い","あつい","kind, warm(hearted), thick, deep",adjective,Adjectives,100,"それは厚いですね。","That is kind."
561,"危ない","あぶない","dangerous, critical",adjective,Adjectives,100,"それは危ないですね。","That is dangerous."
562,"甘い","あまい","generous, sweet",adjective,Adjectives,100,"それは甘いですね。","That is generous."
563,"いい; よい","いい; よい",good,adjective,Adjectives,100,"それはいい; よいですね。","That is good."
564,"忙しい","いそがしい","busy (people, days)",adjective,Adjectives,100,"それは忙しいですね。","That is busy (people."
565,"痛い","いたい","hurt; painful; sore",adjective,Adjectives,100,"それは痛いですね。","That is hurt."
566,"いってらっしゃい","いってらっしゃい","Please go and come back",adjective,Adjectives,100,"それはいってらっしゃいですね。","That is Please go and come back."
567,"薄い","うすい","thin, weak",adjective,Adjectives,100,"それは薄いですね。","That is thin."
568,"うるさい","うるさい","noisy; annoying",adjective,Adjectives,100,"それはうるさいですね。","That is noisy."
569,"美味しい","おいしい","delicious, tasty",adjective,Adjectives,100,"それは美味しいですね。","That is delicious."
570,"多い","おおい","many; there are a lot",adjective,Adjectives,100,"それは多いですね。","That is many."
571,"大きい","おおきい","big, large",adjective,Adjectives,100,"それは大きいですね。","That is big."
572,"おかえりなさい","おかえりなさい","Welcome home",adjective,Adjectives,100,"それはおかえりなさいですね。","That is Welcome home."
573,"重い","おもい","heavy; serious",adjective,Adjectives,100,"それは重いですね。","That is heavy."
574,"面白い","おもしろい","interesting, amusing",adjective,Adjectives,100,"それは面白いですね。","That is interesting."
575,"おやすみなさい","おやすみなさい","Good night",adjective,Adjectives,100,"それはおやすみなさいですね。","That is Good night."
576,"辛い","からい","hot and spicy; salty",adjective,Adjectives,100,"それは辛いですね。","That is hot and spicy."
577,"軽い","かるい","light, non-serious, minor",adjective,Adjectives,100,"それは軽いですね。","That is light."
578,"可愛い","かわいい","cute, adorable",adjective,Adjectives,100,"それは可愛いですね。","That is cute."
579,"黄色い","きいろい",yellow,adjective,Adjectives,100,"それは黄色いですね。","That is yellow."
580,"汚い","きたない","dirty, unclean, filthy",adjective,Adjectives,100,"それは汚いですね。","That is dirty."
581,"嫌い","きらい",dislike,adjective,Adjectives,100,"それは嫌いですね。","That is dislike."
582,"下さい","ください","(with te-form verb) please do for me",adjective,Adjectives,100,"それは下さいですね。","That is (with te-form verb) please do for me."
583,"暗い","くらい","dark, gloomy",adjective,Adjectives,100,"それは暗いですね。","That is dark."
584,"黒い","くろい","black; dark",adjective,Adjectives,100,"それは黒いですね。","That is black."
585,"ごめんなさい","ごめんなさい","I'm sorry",adjective,Adjectives,100,"それはごめんなさいですね。","That is Im sorry."
586,"白い","しろい",white,adjective,Adjectives,100,"それは白いですね。","That is white."
587,"少ない","すくない","a little; a few",adjective,Adjectives,100,"それは少ないですね。","That is a little."
588,"狭い","せまい","narrow; not spacious",adjective,Adjectives,100,"それは狭いですね。","That is narrow."
589,"高い","たかい","tall, high; expensive",adjective,Adjectives,100,"それは高いですね。","That is tall."
590,"楽しい","たのしい","enjoyable, fun",adjective,Adjectives,100,"それは楽しいですね。","That is enjoyable."
591,"小さい","ちいさい","small, little",adjective,Adjectives,100,"それは小さいですね。","That is small."
592,"近い","ちかい","near, close by, short",adjective,Adjectives,100,"それは近いですね。","That is near."
593,"つまらない","つまらない","boring, dull; insignificant",adjective,Adjectives,100,"それはつまらないですね。","That is boring."
594,"冷たい","つめたい","cold (things, people)",adjective,Adjectives,100,"それは冷たいですね。","That is cold (things."
595,"強い","つよい","strong, powerful",adjective,Adjectives,100,"それは強いですね。","That is strong."
596,"遠い","とおい","far (away), distant",adjective,Adjectives,100,"それは遠いですね。","That is far (away)."
597,"ない","ない","there isn't, doesn't have",adjective,Adjectives,100,"それはないですね。","That is there isnt."
598,"長い","ながい","long, lengthy",adjective,Adjectives,100,"それは長いですね。","That is long."
599,"温い","ぬるい",lukewarm,adjective,Adjectives,100,"それは温いですね。","That is lukewarm."
600,"早い","はやい",early,adjective,Adjectives,100,"それは早いですね。","That is early."
601,"速い","はやい","fast, quick",adjective,Adjectives,100,"それは速いですね。","That is fast."
602,"低い","ひくい","short, low",adjective,Adjectives,100,"それは低いですね。","That is short."
603,"広い","ひろい","spacious; wide; broad",adjective,Adjectives,100,"それは広いですね。","That is spacious."
604,"太い","ふとい","fat, thick",adjective,Adjectives,100,"それは太いですね。","That is fat."
605,"細い","ほそい","thin, slender, fine",adjective,Adjectives,100,"それは細いですね。","That is thin."
606,"丸い; 円い","まるい","round, circular",adjective,Adjectives,100,"それは丸い; 円いですね。","That is round."
607,"短い","みじかい","short (length)",adjective,Adjectives,100,"それは短いですね。","That is short (length)."
608,"難しい","むずかしい",difficult,adjective,Adjectives,100,"それは難しいですね。","That is difficult."
609,"易しい","やさしい","easy, plain, simple",adjective,Adjectives,100,"それは易しいですね。","That is easy."
610,"安い","やすい","inexpensive; cheap (things)",adjective,Adjectives,100,"それは安いですね。","That is inexpensive."
611,"弱い","よわい",weak,adjective,Adjectives,100,"それは弱いですね。","That is weak."
612,"若い","わかい",young,adjective,Adjectives,100,"それは若いですね。","That is young."
613,"悪い","わるい","bad, sinful; inferior",adjective,Adjectives,100,"それは悪いですね。","That is bad."
614,"～くらい; ぐらい","～くらい; ぐらい","approximate (quantity)",adjective,Adjectives,100,"それは～くらい; ぐらいですね。","That is approximate (quantity)."
615,"会う","あう","to meet, to see",verb,Verbs,100,"毎日会う。","I meet every day."
616,"明るい","あかるい","bright (in reference to personality or weather); cheerful",verb,Verbs,100,"毎日明るい。","I bright (in reference to personality or weather) every day."
617,"開く","あく","to open, to become open",verb,Verbs,100,"毎日開く。","I open every day."
618,"開ける","あける","to open (v.t.)",verb,Verbs,100,"毎日開ける。","I open (v.t.) every day."
619,"上げる","あげる","to raise, to lift",verb,Verbs,100,"毎日上げる。","I raise every day."
620,"遊ぶ","あそぶ","to play; to spend time pleasantly; to hang out",verb,Verbs,100,"毎日遊ぶ。","I play every day."
621,"暑い","あつい","hot (in reference to weather), warm",verb,Verbs,100,"毎日暑い。","I hot (in reference to weather) every day."
622,"浴びる","あびる","to bathe, to shower",verb,Verbs,100,"毎日浴びる。","I bathe every day."
623,"洗う","あらう","to wash",verb,Verbs,100,"毎日洗う。","I wash every day."
624,"在る","ある","to be, to have",verb,Verbs,100,"毎日在る。","I be every day."
625,"有る","ある","to be, to have",verb,Verbs,100,"毎日有る。","I be every day."
626,"歩く","あるく","to walk",verb,Verbs,100,"毎日歩く。","I walk every day."
627,"言う","いう","to say",verb,Verbs,100,"毎日言う。","I say every day."
628,"行く","いく; ゆく","to go",verb,Verbs,100,"毎日行く。","I go every day."
629,"居る","いる","(humble) to be (animate), to exist",verb,Verbs,100,"毎日居る。","I (humble) to be (animate) every day."
630,"要る","いる","to need",verb,Verbs,100,"毎日要る。","I need every day."
631,"入れる","いれる","to put in",verb,Verbs,100,"毎日入れる。","I put in every day."
632,"歌う","うたう","to sing",verb,Verbs,100,"毎日歌う。","I sing every day."
633,"生まれる","うまれる","to be born",verb,Verbs,100,"毎日生まれる。","I be born every day."
634,"売る","うる","to sell (v.t.)",verb,Verbs,100,"毎日売る。","I sell (v.t.) every day."
635,"起きる","おきる","to get up (e.g., from sleeping); to happen",verb,Verbs,100,"毎日起きる。","I get up (e.g. every day."
636,"置く","おく","to put; to lay; to place",verb,Verbs,100,"毎日置く。","I put every day."
637,"教える","おしえる","to teach, to inform, to instruct",verb,Verbs,100,"毎日教える。","I teach every day."
638,"押す","おす","to push, to press, to stamp (e.g., a passport)",verb,Verbs,100,"毎日押す。","I push every day."
639,"遅い","おそい","slow; (to be) late",verb,Verbs,100,"毎日遅い。","I slow every day."
640,"お手洗い","おてあらい","toilet, restroom, bathroom (lit., a place to wash one's hands)",verb,Verbs,100,"毎日お手洗い。","I toilet every day."
641,"覚える","おぼえる","to learn, to commit to memory, to remember, to memorize",verb,Verbs,100,"毎日覚える。","I learn every day."
642,"泳ぐ","およぐ","to swim",verb,Verbs,100,"毎日泳ぐ。","I swim every day."
643,"降りる","おりる","to get off",verb,Verbs,100,"毎日降りる。","I get off every day."
644,"終る","おわる","to finish, to close",verb,Verbs,100,"毎日終る。","I finish every day."
645,"買う","かう","to buy",verb,Verbs,100,"毎日買う。","I buy every day."
646,"返す","かえす","to return something",verb,Verbs,100,"毎日返す。","I return something every day."
647,"帰る","かえる","to go back, to go home, to return",verb,Verbs,100,"毎日帰る。","I go back every day."
648,"書く","かく","to write",verb,Verbs,100,"毎日書く。","I write every day."
649,"掛ける","かける","to put on (e.g., glasses); to hang (e.g., on a wall)",verb,Verbs,100,"毎日掛ける。","I put on (e.g. every day."
650,"かける","かける","to dial/call (e.g., phone); to sit down",verb,Verbs,100,"毎日かける。","I dial/call (e.g. every day."
651,"貸す","かす","to lend",verb,Verbs,100,"毎日貸す。","I lend every day."
652,"かぶる","かぶる","to wear, to put on (e.g., a hat on the head)",verb,Verbs,100,"毎日かぶる。","I wear every day."
653,"借りる","かりる","to borrow, to owe",verb,Verbs,100,"毎日借りる。","I borrow every day."
654,"消える","きえる","to vanish, to disappear",verb,Verbs,100,"毎日消える。","I vanish every day."
655,"聞く","きく","to hear, to listen, to ask",verb,Verbs,100,"毎日聞く。","I hear every day."
656,"切る","きる","to cut; to hang up (a phone)",verb,Verbs,100,"毎日切る。","I cut every day."
657,"着る","きる","to put on (clothes above your waist); to wear",verb,Verbs,100,"毎日着る。","I put on (clothes above your waist) every day."
658,"曇る","くもる","to become cloudy, to become dim",verb,Verbs,100,"毎日曇る。","I become cloudy every day."
659,"来る","くる","to come",verb,Verbs,100,"毎日来る。","I come every day."
660,"消す","けす","to erase, to delete, to turn off power",verb,Verbs,100,"毎日消す。","I erase every day."
661,"玄関","げんかん","entrance (to a house or a building)",verb,Verbs,100,"毎日玄関。","I entrance (to a house or a building) every day."
662,"答える","こたえる","to answer, to reply",verb,Verbs,100,"毎日答える。","I answer every day."
663,"困る","こまる","to be bothered, to have difficulty",verb,Verbs,100,"毎日困る。","I be bothered every day."
664,"咲く","さく","to bloom",verb,Verbs,100,"毎日咲く。","I bloom every day."
665,"差す","さす","to raise (stretch out) hands, to raise (e.g., umbrella)",verb,Verbs,100,"毎日差す。","I raise (stretch out) hands every day."
666,"寒い","さむい","cold (in reference to weather)",verb,Verbs,100,"毎日寒い。","I cold (in reference to weather) every day."
667,"死ぬ","しぬ","to die",verb,Verbs,100,"毎日死ぬ。","I die every day."
668,"閉まる","しまる","to close, to be closed",verb,Verbs,100,"毎日閉まる。","I close every day."
669,"閉める","しめる","to close, to shut",verb,Verbs,100,"毎日閉める。","I close every day."
670,"締める","しめる","to tie, to fasten, to tighten",verb,Verbs,100,"毎日締める。","I tie every day."
671,"知る","しる","to know, to understand",verb,Verbs,100,"毎日知る。","I know every day."
672,"吸う","すう","to breathe in, to suck",verb,Verbs,100,"毎日吸う。","I breathe in every day."
673,"涼しい","すずしい","cool, refreshing (in reference to weather)",verb,Verbs,100,"毎日涼しい。","I cool every day."
674,"住む","すむ","to reside, to live in",verb,Verbs,100,"毎日住む。","I reside every day."
675,"する","する","to do, to try; to wear small items (e.g., necktie, watch, etc.)",verb,Verbs,100,"毎日する。","I do every day."
676,"座る","すわる","to sit",verb,Verbs,100,"毎日座る。","I sit every day."
677,"そう; そうです","そう; そうです","yes; appears, to be the case",verb,Verbs,100,"毎日そう; そうです。","I yes every day."
678,"立つ","たつ","to stand up",verb,Verbs,100,"毎日立つ。","I stand up every day."
679,"頼む","たのむ","to request, to ask (a favor)",verb,Verbs,100,"毎日頼む。","I request every day."
680,"食べる","たべる","to eat",verb,Verbs,100,"毎日食べる。","I eat every day."
681,"大丈夫","だいじょうぶ","It's ok (all right); No need to worry; Everything is under control",verb,Verbs,100,"毎日大丈夫。","I Its ok (all right) every day."
682,"出す","だす","to take (something) out; to hand in (something)",verb,Verbs,100,"毎日出す。","I take (something) out every day."
683,"違う","ちがう","to be different; to differ; wrong",verb,Verbs,100,"毎日違う。","I be different every day."
684,"使う","つかう","to use",verb,Verbs,100,"毎日使う。","I use every day."
685,"疲れる","つかれる","to get (become) tired; to become fatigued",verb,Verbs,100,"毎日疲れる。","I get (become) tired every day."
686,"着く","つく","to arrive at, to reach",verb,Verbs,100,"毎日着く。","I arrive at every day."
687,"作る","つくる","to make, to create",verb,Verbs,100,"毎日作る。","I make every day."
688,"つける","つける","to turn on (e.g., a light); to take",verb,Verbs,100,"毎日つける。","I turn on (e.g. every day."
689,"勤める","つとめる","to work (for)",verb,Verbs,100,"毎日勤める。","I work (for) every day."
690,"出かける","でかける","to go out; to depart",verb,Verbs,100,"毎日出かける。","I go out every day."
691,"できる","できる","to be able to (to accomplish)",verb,Verbs,100,"毎日できる。","I be able to (to accomplish) every day."
692,"出る","でる","to appear, to leave",verb,Verbs,100,"毎日出る。","I appear every day."
693,"飛ぶ","とぶ","to fly, to hop",verb,Verbs,100,"毎日飛ぶ。","I fly every day."
694,"止まる","とまる","to come to a halt",verb,Verbs,100,"毎日止まる。","I come to a halt every day."
695,"取る","とる","to take (a class); to get (a grade)",verb,Verbs,100,"毎日取る。","I take (a class) every day."
696,"撮る","とる","to take (a photo), to make (a film)",verb,Verbs,100,"毎日撮る。","I take (a photo) every day."
697,"鳴く","なく","to make sound (animal)",verb,Verbs,100,"毎日鳴く。","I make sound (animal) every day."
698,"無くす","なくす","to lose something",verb,Verbs,100,"毎日無くす。","I lose something every day."
699,"習う","ならう","to learn",verb,Verbs,100,"毎日習う。","I learn every day."
700,"並ぶ","ならぶ","to line up, to stand in a line (v.i.)",verb,Verbs,100,"毎日並ぶ。","I line up every day."
701,"並べる","ならべる","to put (things) side by side; to line up",verb,Verbs,100,"毎日並べる。","I put (things) side by side every day."
702,"なる","なる","to become",verb,Verbs,100,"毎日なる。","I become every day."
703,"脱ぐ","ぬぐ","to take off (clothes)",verb,Verbs,100,"毎日脱ぐ。","I take off (clothes) every day."
704,"寝る","ねる","to sleep; to go to sleep; to go to bed",verb,Verbs,100,"毎日寝る。","I sleep every day."
705,"登る","のぼる","to climb",verb,Verbs,100,"毎日登る。","I climb every day."
706,"飲む","のむ","to drink",verb,Verbs,100,"毎日飲む。","I drink every day."
707,"乗る","のる","to get on, to ride in, to board",verb,Verbs,100,"毎日乗る。","I get on every day."
708,"入る","はいる","to enter, to contain, to hold",verb,Verbs,100,"毎日入る。","I enter every day."
709,"はく","はく","to put on (items below your waist)",verb,Verbs,100,"毎日はく。","I put on (items below your waist) every day."
710,"走る","はしる","to run",verb,Verbs,100,"毎日走る。","I run every day."
711,"働く","はたらく","to work",verb,Verbs,100,"毎日働く。","I work every day."
712,"話す","はなす","to speak",verb,Verbs,100,"毎日話す。","I speak every day."
713,"貼る","はる","to post; to paste; to attach",verb,Verbs,100,"毎日貼る。","I post every day."
714,"晴れる","はれる","to be sunny",verb,Verbs,100,"毎日晴れる。","I be sunny every day."
715,"引く","ひく","to pull, to draw; subtract",verb,Verbs,100,"毎日引く。","I pull every day."
716,"弾く","ひく","to play (a string instrument or piano)",verb,Verbs,100,"毎日弾く。","I play (a string instrument or piano) every day."
717,"吹く","ふく","to blow (wind, etc.)",verb,Verbs,100,"毎日吹く。","I blow (wind every day."
718,"降る","ふる","to precipitate, to fall (e.g., rain, snow, etc.)",verb,Verbs,100,"毎日降る。","I precipitate every day."
719,"古い","ふるい","old (in reference to objects, not people), aged, ancient",verb,Verbs,100,"毎日古い。","I old (in reference to objects every day."
720,"欲しい","ほしい","to want, in need of",verb,Verbs,100,"毎日欲しい。","I want every day."
721,"曲る","まがる","to turn, to bend",verb,Verbs,100,"毎日曲る。","I turn every day."
722,"まずい","まずい","terrible (in reference to food), unappetizing, unpleasant (taste)",verb,Verbs,100,"毎日まずい。","I terrible (in reference to food) every day."
723,"待つ","まつ","to wait",verb,Verbs,100,"毎日待つ。","I wait every day."
724,"磨く","みがく","to brush (teeth); to polish",verb,Verbs,100,"毎日磨く。","I brush (teeth) every day."
725,"見せる","みせる","to show, to display",verb,Verbs,100,"毎日見せる。","I show every day."
726,"見る","みる","to see, to look",verb,Verbs,100,"毎日見る。","I see every day."
727,"持つ","もつ","to hold, to carry; to possess",verb,Verbs,100,"毎日持つ。","I hold every day."
728,"休む","やすむ","to rest, to have a break, to get time off",verb,Verbs,100,"毎日休む。","I rest every day."
729,"やる","やる","to do; to give (to pets, parents, siblings, etc.)",verb,Verbs,100,"毎日やる。","I do every day."
730,"呼ぶ","よぶ","to call (one's name); to invite",verb,Verbs,100,"毎日呼ぶ。","I call (ones name) every day."
731,"読む","よむ","to read",verb,Verbs,100,"毎日読む。","I read every day."
732,"よろしくおねがいします","よろしくおねがいします","Nice to meet you",verb,Verbs,100,"毎日よろしくおねがいします。","I Nice to meet you every day."
733,"分かる","わかる","to understand",verb,Verbs,100,"毎日分かる。","I understand every day."
734,"忘れる","わすれる","to forget",verb,Verbs,100,"毎日忘れる。","I forget every day."
735,"渡す","わたす","to hand (something) over (v.t.); to get across",verb,Verbs,100,"毎日渡す。","I hand (something) over (v.t.) every day."
736,"渡る","わたる","to cross over, to go across",verb,Verbs,100,"毎日渡る。","I cross over every day."
737,"コピーする","コピーする","to copy",verb,Verbs,100,"毎日コピーする。","I copy every day."
738,"～すぎ","～すぎ","past; to exceed, ~ too much",verb,Verbs,100,"毎日～すぎ。","I past every day."
